first_name,last_name,gender
Violet,Landor,Female
Levi,Humbatch,Female
Myrtice,Weinham,Female
Elaine,Rastall,Female
Marc,Clashe,Male
Leena,Cheetham,Female
Ennis,Bottlestone,Male
Lester,Palatino,Female
Margareta,Feasey,Male
Pavlov,Stealfox,Male
Brinna,Le feuvre,Male
Karlie,Iskow,Female
Albert,Syncke,Male
Luella,Foat,Female
Curtice,Pepper,Male
Kendell,Dawber,Female
Imogen,MacDuff,Female
Hunfredo,Stanyon,Male
Maurizio,Tapscott,Female
Norris,Demkowicz,Male
Zacharia,Brundall,Male
Stephani,Beecraft,Female
Mervin,Sondon,Male
Leena,Divisek,Female
Goran,Henric,Female
Othilie,Knight,Female
Morena,Mault,Male
Corina,Simmens,Male
Roanna,Caulfield,Male
Berenice,Sturzaker,Female
Raynard,Leport,Male
Xerxes,Sully,Male
